Nombre,Apellido,Email
Pablo,Buendía,yo@miweb.com
Enrique,,el@miweb.com
Jesus,quintana,jq@gmail.com

Pepe,Armoso,Peposo@hotmail.com

Jesus,quintana,jq@gmail.com

Pepe,Armoso,Peposo@hotmail.com

Jesus,quintana,jq@gmail.com

Pepe,Armoso,Peposo@hotmail.com

Jesus,quintana,jq@gmail.com

Pepe,Armoso,Peposo@hotmail.com

Jesus,quintana,jq@gmail.com

Pepe,Armoso,Peposo@hotmail.com

Jesus,quintana,jq@gmail.com

Pepe,Armoso,Peposo@hotmail.com

Jesus,quintana,jq@gmail.com

Pepe,Armoso,Peposo@hotmail.com

Matrícula,Modelo,Color,Propietario
6543 BDF,Seat Fiesta,Amarillo,Pepe
Matrícula,Modelo,Color,Propietario
1245 OHG,Dacia Sandero,Rosa,Dios
Jesus,quintana,jq@gmail.com
Pepe,Armoso,Peposo@hotmail.com
